Time Stamp,Year,Month,Day,Time,User Name,User ID,Reacted By
1355517523.000005,2012,12,14,20:38:43,[u'Johnny Lemur'],U2147483697,"[u'U2147483698', u'U2147483699', u'U2147483700', u'U2147483698', u'U2147483699', u'U2147483700', u'U2147483698', u'U2147483699', u'U2147483700', u'U2147483701', u'U2147483702']"
1458672560.000003,2016,3,22,18:49:20,[u'Edited Guy'],U06NKBGN8,[]
1355517523.000005,2012,12,14,20:38:43,[u'Johnny Lemur'],U2147483697,[]
1355517570.000005,2012,12,14,20:39:30,[u'Johnny Lemur'],U2147483697,[]
